kind	entry	upstream_path	companion_path	upstream_sha256	companion_sha256	status
skill	curriculum-planner	skills/agent-runtime/curriculum-planner/SKILL.md	skills/curriculum-planner/SKILL.md	9a3b68cf38523d7930fecc24266e8ed9d2f7342447a525ec64d26c66594c6ac5	3fd9b27eb7676ca29626e592fd34053231c31e54b10715b1881b8300ba70b4f4	rewritten
skill	deep-interactive	skills/agent-runtime/deep-interactive/SKILL.md	skills/deep-interactive/SKILL.md	bb26d6b34f34bad37a76fef7f9863e1e67a2d4a5fbdf89d4ef08734c74db97bb	4d886c10b7d16248bdf350cfe9649cecce70e66b0f815338d7de55e431744b5e	rewritten
skill	deep-research	skills/agent-runtime/deep-research/SKILL.md	skills/deep-research/SKILL.md	063ce7f57f178e8e3f4e5cdf52a34a78b9cfbd82c29e45d5ee93325c54f25ca0	693e0ab24d009b775ee3ff01aac4e78b7f300e6be92b2680e58cdf2fbb67bf10	rewritten
skill	fact-check	skills/agent-runtime/fact-check/SKILL.md	skills/fact-check/SKILL.md	44979669a1873ed393f249b06352fa37e01c608ce6a3f611368e1502f9ad4427	454a9bf24a588b5bfed98d64e95a5e1d3e9e87ec1f5a338a70bd5d5b11cd1ee0	rewritten
skill	feynman-learning	skills/agent-runtime/feynman-learning/SKILL.md	skills/feynman-learning/SKILL.md	af7d9eaca12896a498259cbae3fa09d196d455b4e72af75d63ed1d1575ca944e	fa22ed084c4f4a96331f99172a92241007640b4ea4660fbd1406bcbe4c7911b8	rewritten
skill	k12-core-literacy-planning	skills/agent-runtime/k12-core-literacy-planning/SKILL.md	skills/k12-core-literacy-planning/SKILL.md	fbc03e9245406bac2d5b312f1a5711de311d17dc98eeb30d8eab298ee397c08f	d666930a1ca1aae5d53a5ec5ce95ba03023e9ffa32474e252cdae7f0f6c7c726	rewritten
skill	learning-to-learn	skills/agent-runtime/learning-to-learn/SKILL.md	skills/learning-to-learn/SKILL.md	fe8be28613d01efe49a858bb89bf97f84273bd20311c805c36e2bfd28519c2ce	eb72835511d525e013405feb331166910d01006a0a2cabf8ec3046b0f65af443	rewritten
skill	lecture-style	skills/agent-runtime/lecture-style/SKILL.md	skills/lecture-style/SKILL.md	540e7a4b34cd8d5de66861ebe96c73a14fcd87bc9c020e75edfc92080b23c42a	da53295f83049c11bc8a77e7663804f74fc2b25c893ec93aead4905988f986af	rewritten
skill	social-emotional-learning	skills/agent-runtime/social-emotional-learning/SKILL.md	skills/social-emotional-learning/SKILL.md	4aea1736a8855c2ef32767bf4e5e8428bc573a0d5b1cb9816c84d1ae34e86284	b09a165b48b8201620cae2cf422be61fa578ab8df84f8b7789f366e71889762c	rewritten
skill	spiral-curriculum	skills/agent-runtime/spiral-curriculum/SKILL.md	skills/spiral-curriculum/SKILL.md	fe6fe978ab5ac583fcccb9293d410d8da9e3cd7bb393900698095c2387da5b93	d243ab8a6b656ed1470fa1b60c097761775017b7b83cf8386a83d4df04201187	rewritten
skill	teacher-style-clone	skills/agent-runtime/teacher-style-clone/SKILL.md	skills/teacher-style-clone/SKILL.md	9bf4ae1bb9a484d4d426818821bd0530ca20f6f158390280c10c883b750e427b	deb8589e6d16b5d1906028b21849c3d3f629621141fb94a8d458e5ce80ee29b7	rewritten
skill	understanding-by-design	skills/agent-runtime/understanding-by-design/SKILL.md	skills/understanding-by-design/SKILL.md	75af8be3ec7772b6ae97ac70ceedbb00fcfbb16a6d4addceb5f62ec0b3614808	52b4e42f2768347d5ea10460452ee230ee1157bc2a0cf2e84c94397576598a13	rewritten
skill	vocational	skills/agent-runtime/vocational/SKILL.md	skills/vocational/SKILL.md	0544506924e469b49c89295fe414da440cd081adca520ff584049fafff25a43c	9276266c6167d5f6c5351e52a7ff9cdfcb4f2549314040629ce2fc8fe856e237	rewritten
skill	workshop-style	skills/agent-runtime/workshop-style/SKILL.md	skills/workshop-style/SKILL.md	002a4c9842069fb6f24da4b2d3ed0b6a65b0cef08298f5ae05d5905e661d884a	e94f945ada30f44b9e7fca9050c096549b61a7b6e6781c69c3aac3fa55bce3d5	rewritten
reference	deep-interactive	skills/agent-runtime/deep-interactive/outline-constraints.json	skills/deep-interactive/outline-constraints.json	31f9618dac6dd1598a4d679e35f94b3c8b85c003dc7dd0e262570cc866f5ae63	31f9618dac6dd1598a4d679e35f94b3c8b85c003dc7dd0e262570cc866f5ae63	ported-byte-identical
reference	deep-research	skills/agent-runtime/deep-research/outline-constraints.json	skills/deep-research/outline-constraints.json	8acbc55066657da9866d4e28388a1a8642976793cc2dd492d3730f0c475d2bd7	8acbc55066657da9866d4e28388a1a8642976793cc2dd492d3730f0c475d2bd7	ported-byte-identical
reference	k12-core-literacy-planning	skills/agent-runtime/k12-core-literacy-planning/references/core-literacy.md	skills/k12-core-literacy-planning/references/core-literacy.md	47635d06a4a598b28c22a408f5f218e96dd2eca664ca74c1774bb95c848a47ee	47635d06a4a598b28c22a408f5f218e96dd2eca664ca74c1774bb95c848a47ee	ported-byte-identical
reference	k12-core-literacy-planning	skills/agent-runtime/k12-core-literacy-planning/references/subjects/humanities.md	skills/k12-core-literacy-planning/references/subjects/humanities.md	616dfe49b3f8c96c917f81a98d04a23b374f1ec509c6d59ee9874d7656353ccc	616dfe49b3f8c96c917f81a98d04a23b374f1ec509c6d59ee9874d7656353ccc	ported-byte-identical
reference	k12-core-literacy-planning	skills/agent-runtime/k12-core-literacy-planning/references/subjects/languages.md	skills/k12-core-literacy-planning/references/subjects/languages.md	b88c8350e51ffcaf502ef891e0e69f8351295b550c4fe7202efa595de7327b89	b88c8350e51ffcaf502ef891e0e69f8351295b550c4fe7202efa595de7327b89	ported-byte-identical
reference	k12-core-literacy-planning	skills/agent-runtime/k12-core-literacy-planning/references/subjects/mathematics.md	skills/k12-core-literacy-planning/references/subjects/mathematics.md	c6a3867f7eb9546928c7ba08243ac3add5e4ec7a963c745191186565632712b1	c6a3867f7eb9546928c7ba08243ac3add5e4ec7a963c745191186565632712b1	ported-byte-identical
reference	k12-core-literacy-planning	skills/agent-runtime/k12-core-literacy-planning/references/subjects/science.md	skills/k12-core-literacy-planning/references/subjects/science.md	2e2e7589fe7798771e69f95bd8222fe0a87ef8f189e8785a0dc90880353e5047	2e2e7589fe7798771e69f95bd8222fe0a87ef8f189e8785a0dc90880353e5047	ported-byte-identical
reference	lecture-style	skills/agent-runtime/lecture-style/outline-constraints.json	skills/lecture-style/outline-constraints.json	1b8aef5a81bbc59e9ef6691e7d65bae137301dde6466ea9fef49ff7d72a68de9	1b8aef5a81bbc59e9ef6691e7d65bae137301dde6466ea9fef49ff7d72a68de9	ported-byte-identical
reference	teacher-style-clone	skills/agent-runtime/teacher-style-clone/outline-constraints.json	skills/teacher-style-clone/outline-constraints.json	8bb817824d1c150e90cb6a0d2499cd04beae54175a7dae3622ff09f71ba7136d	8bb817824d1c150e90cb6a0d2499cd04beae54175a7dae3622ff09f71ba7136d	ported-byte-identical
reference	vocational	skills/agent-runtime/vocational/outline-constraints.json	skills/vocational/outline-constraints.json	4e577a427df5296cb70248143ee60fd473fb2b14429358e84df9795b33e3509a	4e577a427df5296cb70248143ee60fd473fb2b14429358e84df9795b33e3509a	ported-byte-identical
reference	workshop-style	skills/agent-runtime/workshop-style/outline-constraints.json	skills/workshop-style/outline-constraints.json	a6c6f348356a6892e198c836b297524f4bf16989212a68d7146a5cb99fcf2711	a6c6f348356a6892e198c836b297524f4bf16989212a68d7146a5cb99fcf2711	ported-byte-identical
