path	sha256	purpose
GATE_DECISION.md	1d6f534885440f70f84eb49b0ff0fff767a85f0213478cb36cd5dc1342f36fb4	historical request-changes decision
GATE_APPROVAL.md	92f54f817354110cc347f32260bbfb5c85ddf7087823b139dbf0033750438375	later sample approval and bulk authorization
GATE_RESUBMISSION.md	c6c303aa97d5c147ab2342d5353b7caec97548c1cf64d0eccebcebeeeaa09b76	six-change response and outcome
GATE_REVIEW.md	4338cdb3a8041e1b4e1854d82602c8a2f462704d3ddd1689928b5fdb9f8d2718	current gate and checkpoint state
SELECTION.md	f020cdee2e4262df77f0b44377a659f25636b5a5cc0c72bd3500bf6726660096	14 selected and 9 excluded dispositions
BULK_REWRITE.md	33c264a8c8b592a32b42cf4ee33329a77954b7119d9cae5bac46dba4779e0d04	local rewrite checkpoint
BULK_MANIFEST.tsv	8e2ab2241de0faa24d79d4380e1d32f76d720869fc1c3920e94bcc65c472018e	selected file and reference hashes
README.md	c88ab0d62a4ace37c6673d317393e2534445c552cba0726284e403dea9e8749e	companion handoff summary
gate-diffs/curriculum-planner.patch	4474ab267649a2e57d12eb66a121b9f2bbc2489edc3ea4db10d2628611174a70	approved sample normalized patch
gate-diffs/k12-core-literacy-planning.patch	dc181d8fc36a831da260dc8b985cb479aa0beaeba54a673a8f15c3bff63a56e2	approved corrected sample normalized patch
gate-diffs/understanding-by-design.patch	566a07b768ee10e8107399f9b0ec20c88a74c9dea4f1a65ab7c794cb8d0d083f	approved sample normalized patch
bulk-diffs/deep-interactive.patch	7fcb1dc3cdc59710b478aa44205d935de52e8a93dbea008fee96d5f36b0f8890	bulk normalized patch
bulk-diffs/deep-research.patch	ec7bd476a2dd5660cd0c71eecdc5ba384ce95ccbb105d3948a8a787084045c1b	bulk normalized patch
bulk-diffs/fact-check.patch	c354b793891ddc7e904129a3bf88e2961a28e3b64f43aedef34196d904ff60fa	bulk normalized patch
bulk-diffs/feynman-learning.patch	e196502926e94b6a37dae109e5de07e7da0eff9a7e18d16e2cc02760b63c18ae	bulk normalized patch
bulk-diffs/learning-to-learn.patch	50c5c8041b8e58496b0cfd42f082018897489a23abe26dc74eb75e9b44f75d2b	bulk normalized patch
bulk-diffs/lecture-style.patch	9bc06b85fe2f91536c25598f72cabb8a5a015e968cbf0f9424b20b8f3311e9a9	bulk normalized patch
bulk-diffs/social-emotional-learning.patch	ca476ba6cb6b321543b8a74f4aabc3225c77f610bbba385e2a26dc6b166c516d	bulk normalized patch
bulk-diffs/spiral-curriculum.patch	b3b9a951ce68400f3bf243f370f0cd98783234a4a1565658af0b70df46da6daa	bulk normalized patch
bulk-diffs/teacher-style-clone.patch	21b404586a64ed63c67685133f9a5f914edce84c8e8ab5a670689c3b57808c86	bulk normalized patch
bulk-diffs/vocational.patch	362bf7f8c2f2ef4460db92b8337195a5092085f1ae3efaa7f419bda007c45047	bulk normalized patch
bulk-diffs/workshop-style.patch	f8128da2f18fa711ecc798a0fbb72b4fab18b8c21780919af11f3eff8261e942	bulk normalized patch
